ASIN,Title,Price_USD
B0BHT3PBZX,Dinosaur Kids Coloring Book,11.48
B0BHKLZ76D,Dinosaur Toddler Coloring Book,10.48
B0B5NP9T92,Birds Coloring Book,10.99
B0BKS5ZGGL,Sermon Notes Journal For Women,9.99
B0BKMLT5H7,Prayer Journal For Women,9.99
B0CLYGP96Q,Spider Coloring Book For Kids,11.48
B0CLYFWRS3,Spider Coloring Book For Toddlers,10.48
B0CJLCR92N,Cute Pumpkin Toddler Coloring Book,10.48
B0BHMP6L68,Dinosaur Kids Coloring Book (Ages 1-4),14.98
B09M5L9V95,Kids Recipe Book: Kids Cookbook,10.48
B0BKMZWKPB,Sermon Notes Journal For Men,9.99
B0BMZP8RZ8,Prayer Journal for Teen Boys,9.99
B0BW2X99Z8,Owl Coloring Book For Toddlers,9.99
B0B37Z74K3,First Fun and Creative Toddler Coloring Book,9.99
B09LGLVF6W,Recipe Book To Write In Your Own Recipes,10.48
B0B32JFG3H,Recipe Book (Write Your Own),14.98
B0CJKKYNYR,Cute Pumpkin Coloring Book For Kids,11.48
B0BMYM12JL,Cute Bunny Coloring Book For Kids,10.48
B0BHTCGFJW,Christmas Kids Coloring Book,10.48
B0BN4WPYZ3,Prayer Journal For Teen Girls,9.99
B0BW2RSL7C,Butterfly Coloring Book For Toddlers,9.99
B0BNJHYTJP,Cute Farm Animals Coloring Book For Toddlers,9.99
B0BMZ7HM27,Cute Kitty Coloring Book For Kids,10.48
B0BJN7CN2X,First ABC Toddler Coloring Book,9.99
B0F9PSYL9F,Dinosaur Kids Coloring Story Book,10.48
B0BCDB8TY1,Fun Thanksgiving Coloring Book for Kids Ages 1-4,10.48
B0CJL27B23,Sea Turtle Toddler Coloring Book,9.99
B0BHS1M1KB,Christmas Toddler Coloring Book,9.99
B0BKMSW61T,Prayer Journal For Men,9.99
B0BW31WZWN,Cute Fox Coloring Book For Kids,10.48
B0BMYKMXDL,Cute Kitty Coloring Book For Toddlers,9.99
B0BN3MFJY4,Daily Gratitude Journal For Teen Girls,9.99
B0BJH5VGCR,First ABC Kids Coloring Book,10.48
B0BKS5QH2X,Daily Gratitude Journal For Women,9.99
B0CMC5SXHR,Panda Coloring Book For Toddlers,9.99
B0BKMSWLXZ,Prayer Journal For Kids,9.99
B0CM9KSL3C,Llama Coloring Book For Toddlers,9.99
B0B2TSK344,Fun Animal Coloring Book for African American Boys ages 1-4,10.48
B0BCH39QZH,Fun Toddler Coloring Book,9.99
B0BMSRJWN6,Daily Gratitude Journal For Teen Boys,9.99
B0BW3BDFG9,Owl Coloring Book For Kids,10.48
B0B2V2CYS7,Fun Animal Coloring Book for African American Girls ages 1-4,10.48
B0BR9KT6TP,Easter Egg Coloring Book For Toddlers,9.99
B0B33MK1PW,Fun Animal Coloring Book for Girls Ages 1-4,10.48
B0BCDB8TWN,Fun Toddler Coloring Book,9.99
B0BKRZQ7LL,Daily Gratitude Journal For Men,9.99
B0BMZP8Z79,Cute Bunny Coloring Book For Toddlers,9.99
B0BR9CB2P7,Spring Flowers Coloring Book For Toddlers,9.99
B0BW2C38WM,Humming Bird Coloring Book For Toddlers,9.99
B0CMLZLML3,Bugs Coloring Book For Toddlers,9.99
B0B31ZYGBQ,Kids Recipe Book / Cookbook,14.98
B0B33MK1Q2,Fun Animal Coloring Book for Boys Ages 1-4,10.48
B0BW2LXP58,Cute Fox Coloring Book For Toddlers,9.99
B0BCD7Y4BT,Fun Toddler Coloring Book,9.99
B0BCDB6SFZ,Fun Sealife Coloring Book for Kids Ages 1-4,10.48
B0BMY74HVR,Cute Puppy And Dog Coloring Book For Kids,10.48
B0BNGZGQW8,Cute Farm Animals Coloring Book For Kids,10.48
B0BTP1TXNN,Easter Recipe Book For Kids,10.48
B0BTP1WZV7,Christmas Cookie Recipe Book,14.98
B0B5KXB6LX,Fun Birds Coloring Book for Boys ages 1-4,10.48
B0B5KXF822,Fun Birds Coloring Book for Girls ages 1-4,10.48
B0BN62H7YY,Cute Puppy And Dog Coloring Book for Toddlers,9.99
B0BQ9LM4W4,My Christmas Recipes From Mom,14.98
B0CLRDG1H4,Ladybug Coloring Book For Toddlers,9.99
B0CM9NPCDN,Llama Coloring Book For Kids,10.48
B0FCFXHCXQ,Dinosaur Kids Coloring Story Book,14.98
B0BR9CCQM3,Easter Egg Coloring Book For Kids,10.98
B0BW2RY3LH,Humming Bird Coloring Book For Kids,10.48
B0CJL9W1RX,Sea Turtle Coloring Book For Kids,10.48
B0CLRGRJB4,Ladybug Coloring Book For Kids,10.48
B0B5KKBYJY,Fun Birds Coloring Book for African American Girls ages 1-4,14.98
B0B5KVJLJV,Fun Birds Coloring Book for Boys ages 1-4,14.98
B0BCNGJR5B,Fun Halloween Coloring Book for Kids Ages 1-4,10.48
B0BJD6G5JF,First ABC Kids Coloring Book,14.98
B0BMZBGHGL,Cute Kitty Coloring Book For Kids,14.98
B0BQ59CRTK,My Christmas Recipes From Grandma,10.48
B0BR9DMDPL,Fun Fall Coloring Book For Toddlers,9.99
B0BW23BTKW,Butterfly Coloring Book For Kids,10.48
B0CJLLNBP7,Music Composition Notebook,7.98
B0CJSG2H1Q,Sea Turtle Coloring Book For Kids,14.98
B0CJSTWT17,Fish Coloring Book For Toddlers,9.99
B0CJXK75JH,Fish Coloring Book For Kids,10.48
B0CMLVJFDH,Bugs Coloring Book For Kids,10.48
B0CPQ254ZQ,Bugs Coloring Book For Kids,10.48
B0CPQ36KFV,Bugs Coloring Book For Toddlers,9.99
B0BQ5DJ38H,Christmas Recipe Book For Kids,10.48
B0BQ5DRJW7,Christmas Recipe Book For Men,10.48
B0BQ5DRV19,Christmas Recipe Book For Women,10.48
B0CJL9SZN3,Cute Hamster Coloring Book For Kids,10.48
B0CJLLLV13,Cute Hamster Coloring Book For Toddlers,9.99
B0BKRWYDH8,Daily Gratitude Journal For Kids,9.99
B0BTP1TXNP,Easter Recipe Book For Men,10.48
B0BTP1TXN9,Easter Recipe Book For Women,10.48
B0BR9DQGVM,Fun Fall Coloring Book For Kids,10.48
B0CJKTT4M5,Music Composition Notebook,7.98
B0CJL3GJ6B,Music Composition Notebook,7.98
B0CJL3VPYL,Music Composition Notebook,7.98
B0BTNSM73N,My Easter Recipes From Mom,10.48
B0BTP1WNLD,My Easter Recipes From GrandMa,10.48
B0BTNSL7LS,My Favorite Christmas Recipes,10.48
B0CQST5VSJ,Panda Coloring Book For Kids,10.48
B0BR996VVN,Spring Flowers Coloring Book For Kids,10.48
